.id,date,text,start,end,speakernum,publisher,pub
f322e13d2d76e68c2c6f555c628e9f5047a3a7608c77357b9ab9507b,2023-11-14T00:00:00Z,"NPO Radio 1, het NOS Journaal.",0.5517826825127334,4.235993208828523,SPEAKER_03,sven,sven2023-11-14
dc71cac671fc519df341e3340a99e1e8de22a63d58338806d662c621,2023-11-14T00:00:00Z,"De Nederlandse economie is afgelopen kwartaal opnieuw een klein beetje gekrompen met 0,2%.

 Bedrijven investeerden volgens het CBS minder.

 Consumenten gaven meer uit aan auto's en minder aan schoenen, kleding en spullen voor het huis.

 Een man van 18 die gisteravond werd neergeschoten in Ridderkerk is overleden aan zijn verwondingen.

 De politie heeft de schutter nog niet gevonden.

 Er is onder meer een woning in Rotterdam doorzocht, maar er is nog niemand aangehouden.

 Wat de aanleiding was voor de schietpartij in Ridderkerk is nog niet duidelijk.

 De werkcultuur bij de NOS is op een aantal punten uit balans.

 Medewerkers vinden bijvoorbeeld dat er niet altijd goed wordt ingegrepen als er iemand niet functioneert.

 Er wordt teveel focus gelegd op het dagelijkse proces en een lange termijnvisie ontbreekt.

 Een onafhankelijk bureau heeft het onderzoek uitgevoerd.

 En Bart Verbruggen staat zaterdag in de EK-kwalificatiewedstrijd tegen Ierland op doel.

 Hij krijgt bij het Nederlands elftal de voorkeur boven de teruggekeerde Justin Bijlo van Feyenoord.

 Noranje moet één van de laatste twee kwalificatiewedstrijden winnen om zeker te zijn van het EK volgend jaar.",4.235993208828523,66.23938879456708,SPEAKER_09,sven,sven2023-11-14
71d8f387c4f8f9e0d6e2b0e5816bc694aeda674b0fa44705980dfdad,2023-11-14T00:00:00Z,"NPO Radio 1

 BNL",66.81663837011885,70.78947368421052,SPEAKER_03,sven,sven2023-11-14
710a2186da05f29e2c858fb466cd3546257d572a9dddabefa9380150,2023-11-14T00:00:00Z,Sven op 1,79.00679117147709,81.19694397283533,SPEAKER_02,sven,sven2023-11-14
f84d90d3b676a089c3e622ee05977432711429814575679ad13106b4,2023-11-14T00:00:00Z,Met Sven Kokkelman,81.34974533106961,82.52122241086587,SPEAKER_02,sven,sven2023-11-14
467bd6e9e8f1e63ba826e1e79be4766e69aa75e614128ba56f60c891,2023-11-14T00:00:00Z,"Dames en heren, goedemorgen. Nog acht dagen te gaan.

 Acht dagen tot de verkiezingen en de lijsttrekkers bijten inmiddels wat veller van zich af.

 Zoals mijn gast van vandaag, die zijn kiezen niet langer op elkaar kon houden na uitspraken van Frans Timmermans bij WNL op zondag.

 Rutte Vier had niets gedaan aan het klimaat. Duizend dagen stilstand.

 Zo zei de lijsttrekker van GroenLinks, P van de A. Nou, dat liet mijn gast niet over zijn kant gaan.

 Lelijke, onware uitspraken.

 En hij ging fel met hem in discussie op de redactievloer van de Telegraaf eerder gisteren.

 Hij moest het daar ook wel doen, want Timmermans deed die avond niet mee aan het RTL-debat.

 En mijn gast was niet uitgenodigd. Dus ja, wat moet je dan?

 En dan moet je hem maar te lijf gaan met die Twitter-uitspraken. Lelijke en onware uitspraken.

 Mijn gast van vandaag is Henry Bontebal, de lijsttrekker van het CDA.

 Meneer Bontebal, goedemorgen.

 Goedemorgen.

 Hoe is het met uw voeten?",82.52122241086587,130.02546689303907,SPEAKER_10,sven,sven2023-11-14
6ffecf8d4391b4da412d2172183fccc995e405de6f06c0a52c78085b,2023-11-14T00:00:00Z,"Ja, dit is... Eén voet had een ontsteking. Maar ik heb een vakkundig dokter en die heeft het volgens mij verholpen.

 Ik ga gewoon nog acht dagen doen alsof er niks aan de hand is.

 Dus u kunt nog op uw benen staan?

 Ja, maar de moeheid begint wel toe te slaan.

 Tegelijkertijd heb ik ook nog enorm veel energie om deze laatste acht dagen te doen.

 Dus mij krijgt u niet klein, nog acht dagen. Daarna weet ik het niet.

 En hoe is het met uw kuif?

 Hoezo? Of ik daarin gepikt ben?",131.12903225806454,160.31409168081495,SPEAKER_13,sven,sven2023-11-14
6a9ba5474fe6c9d5fe2320131bb83b108d82443ed4518dd88f47ce7f,2023-11-14T00:00:00Z,"U voelt u in die kuif gepikt, zei Frans Timmermans gisteravond bij VE.

 Ja, dat was wel zo. Ja, het raakt me.",157.24108658743634,164.55857385398983,SPEAKER_10,sven,sven2023-11-14
d48d412e11e25839ef7b22c8e7a7af1b6290420e1c6b8c35a790c462,2023-11-14T00:00:00Z,"Ik heb twee jaar echt heel hard gewerkt als Kamerlid om het profiel van het CDA op het gebied van verduurzaming goed te krijgen.

 Als ik weet hoe hard wij gewerkt hebben in de coalitie, met de andere partijen ook, dat we heel vaak resultaten hebben geboekt.

 En als iemand dan even argeloos, terwijl die zelf een paar jaar in Brussel heeft gezeten en zich eigenlijk heel weinig met Nederland bemoeid heeft...

 Wel maar dat is prima.",164.55857385398983,189.5331069609508,SPEAKER_13,sven,sven2023-11-14
d887d54ceb4fd653ead88b5bfd9e2f4c3d4e45b5ff61753fbf5e13fe,2023-11-14T00:00:00Z,"Ja, maar hij heeft zich heel weinig blijkbaar verdiept die afgelopen duizend dagen in wat er in Nederland is gebeurd.

 En als je dan met één pennenstreek zoiets zegt, dat vind ik gewoon, dat doet gewoon absoluut geen recht.

 En als je een mogelijke premierkandidaat bent, moet je je vindt ik zorgvuldig uitdrukken. En dat vond ik dat absoluut niet.",190.48387096774195,210.00848896434636,SPEAKER_13,sven,sven2023-11-14
fb5915b80153b332873178765f5c32aee80ab275b5190a71adf7b230,2023-11-14T00:00:00Z,"Toch zei u gisteravond, ik blijf bij mijn stelling dat Rutte 4 geen consistent beleid heeft gevoerd.",210.00848896434636,214.76230899830225,SPEAKER_10,sven,sven2023-11-14
ec71b21196eeb701f815afc02e7c4ecf9629869a38ebd5546bef497d,2023-11-14T00:00:00Z,"Ja, het is allemaal leuk. Ik zou zeggen, meneer Timmermans, doe het zelf dan beter.

 Ik heb de afgelopen twee jaar, heb ik PvdA GroenLinks zelf meegemaakt in de Kamer op het gebied van klimaat en energie.

 Dat waren partijen die allerminst constructief zich hebben opgesteld.

 Er waren vier partijen die vaak met kleine meerderheden probeerden juist dat klimaatbeleid verder te krijgen.

 Zelfs ook met kritiek van eigen achterban.",216.37521222410868,237.95415959252972,SPEAKER_13,sven,sven2023-11-14
84729c4dc956e5c9135a0d07b9612c013f63d29ca1b2ece4945b29e1,2023-11-14T00:00:00Z,"Dus ik laat het me niet aanpraten dat Frans Timmermans dit stukje van het beleid recenseert.

 Dat vind ik echt heel erg ongepast eerlijk gezegd.",238.02207130730056,245.84889643463495,SPEAKER_13,sven,sven2023-11-14
140c3aeac7efb1975af61868e6424ce121454340417661560c00db95,2023-11-14T00:00:00Z,"U vindt zijn uitspraken ongepast?

 Ja, het doet niet recht aan wat er gebeurd is.",245.8658743633277,252.23259762309,SPEAKER_13,sven,sven2023-11-14
2e6ea877031d655de2c585a372d8ae9d5fa818a5315870f9a423ab5f,2023-11-14T00:00:00Z,"Zijn ze ook onjuist? Want u zegt lelijke, onware uitspraken.",251.58743633276745,255.5602716468591,SPEAKER_10,sven,sven2023-11-14
067273f4c6483b5f63042b5aebce67b5ac4034005839c23bdc0b6024,2023-11-14T00:00:00Z,"Ja, als jij zegt dat er duizend dagen niks is gebeurd, dan is dat gewoon onzin.

 Ik zag net nog een artikel in de Telegraaf langskomen waarin mensen zelfs uit zijn eigen achterban zeggen van joh, dit slaat echt nergens op.

 Dit had hij niet moeten zeggen.

 Iedereen in het heetst van de strijd zegt wel eens iets dat net iets te fel is.",255.3225806451613,274.2359932088285,SPEAKER_13,sven,sven2023-11-14
9281c04040a82ac32cd73cd04ca38b4c24f908d32a361a9f2b96cc46,2023-11-14T00:00:00Z,"Dit vind ik eigenlijk best wel prima. Maar zegt dan gewoon even daarna jongens wel slip of te tong.

 Ik ging te hard, ik bedoelde.

 Hij heeft een nuancering naar buiten gebracht later.",274.35483870967744,281.9779286926995,SPEAKER_13,sven,sven2023-11-14
1d7263de03c4e37492b4e7bb2c801daf5e1575f278905a2220168a58,2023-11-14T00:00:00Z,"Ik citeer, er is de afgelopen jaren niet voldoende vooruitgang geboekt in de klimaataanpak.

 Dat verwijt ik niet individuele ministers, maar wel het kabinet als geheel.

 Het gaat om fossiele subsidies afschaffen of de intensieve veehouderij hervormen.

 En daar heeft dit kabinet vooral met elkaar ruzie gemaakt en zijn er te weinig stappen gezet.

 Het klimaatdoel uit het regeerakkoord is nog niet in zicht.

 Juist daarom is het zo belangrijk de inspanningen te versnellen.",281.2648556876061,304.9660441426146,SPEAKER_10,sven,sven2023-11-14
01e2cb5316409dca5eeb5b646d88c5f9c772659e582e961a987e74e6,2023-11-14T00:00:00Z,"Ja, dus hij pakt nu even stikstof en klimaat bij elkaar, terwijl het ging over klimaat.

 Op het klimaatgebied zijn er heel veel stappen gezet.

 Waar het aan ontbreekt is dat we soms de snelheid kunnen maken die nodig is.

 En dat heeft heel concreet te maken met hebben we genoeg installateurs in Nederland?

 Zijn elektriciteitsnetten niet op tijd zwaar genoeg?

 Dat gaat Frans Timmermans net zo hard straks tegenaan lopen.

 Dus hij doet alsof hij dat dan wel voor elkaar gaat krijgen.",305.679117147708,330.68760611205437,SPEAKER_13,sven,sven2023-11-14
e719d1d4ee6de20099e9a334a955d593592bcd47326bacb4d1389e2e,2023-11-14T00:00:00Z,"Maar als u zegt lelijke onware uitspraken, dan zegt u eigenlijk tegen de primeerskandidaat van GroenLinks PvdA, u liegt.",328.20882852292027,335.0509337860781,SPEAKER_10,sven,sven2023-11-14
1b0a82f4b64a9c1559a6c9598927e6f994813840a64bdcf5f40bf5f7,2023-11-14T00:00:00Z,"Wat hij zei was niet waar.

 En liegen veronderstelt dat iemand met intentie iets verkeerd zegt.

 Ik kan niet in zijn hoofd kijken, maar feitelijk is het onwaar.

 En dat moet hij niet doen.",332.24957555178275,345.7640067911715,SPEAKER_13,sven,sven2023-11-14
7b2192efa21638df6d337c349e5909fdae2783f0d2fc9b534af660a1,2023-11-14T00:00:00Z,"Meneer Montemar, we moeten praten vanuit de Welkom op NPO Radio 1.

 Welkom bij NPO Politiek. Welkom bij Sven op 1.

 Wat vindt u eigenlijk van die campagnes tot nu toe en van de verkiezingsstrijd?",345.7640067911715,356.188455008489,SPEAKER_10,sven,sven2023-11-14
bc2a7312e2c5c154d90d090c6cee9fe9a1a8db39ea8eff37180f4478,2023-11-14T00:00:00Z,"Heel eerlijk, ik vind het een vrij bloedeloze campagne.

 Waarin heel veel kopstukken hebben gezegd, we willen vooral een campagne op de inhoud voeren.

 Maar ik zie het eigenlijk weinig.

 Ik mis ook heel erg de gretigheid om dit land beter te pakken, aan te pakken en een koers voor de toekomst neer te zetten.

 Ik zie veel lijsttrekkers die hoog in de peilingen staan, maar die niet bereid zijn naar debatten te komen.

 Ik zie ze ook niet grote visies op Nederland neerleggen.

 En ik mis toch de graagde en de energie om eraan te gaan staan, eerlijk gezegd.",357.29202037351445,390.144312393888,SPEAKER_13,sven,sven2023-11-14
ab2d2d79c54161dc5ff8790dad565ca255d4e8156ecec20a296c119b,2023-11-14T00:00:00Z,"Maar luister eens, er zijn twee van die mensen op wie u nu doelt.

 Dat is Frans Timmermans en Pieter Omtzigt, neem ik aan.

 Als u doelt op de twee mensen die de debatten hebben afgezegd.",385.15280135823434,398.5653650254669,SPEAKER_10,sven,sven2023-11-14
fc1bd5c8c140c3c5b78635e14aceb01c106a3fa3005ccd91409841c2,2023-11-14T00:00:00Z,"Ja, specifiek over het niet deelnemen aan debatten.",399.125636672326,403.9134125636673,SPEAKER_13,sven,sven2023-11-14
5a9071d5a0b01973e83dd83afc82293d517fa47196b651979230a282,2023-11-14T00:00:00Z,"En de top drie in de peilingen, zal ik maar zeggen, dat is mevrouw Jislugus van de VVD's, meneer Omtzigt van NSC.

 En dat is meneer Timmermans van GroenLinks, P. van de A.

 Die hebben lijvige verkiezingsprogramma's geschreven.

 En de heer Omtzigt roept voortdurend welke kant hij op wil met Nederland en een nieuwe bestuurscultuur.

 Goed bestuur noemt hij dat, met een constitutioneel hof en alles wat ermee samenhangt.

 En bestaanszekerheid en wat er allemaal niet goed gaat in de uitvoering bij de overheid.

 Kun je dat dan visieloosheid noemen?",399.2444821731749,429.1595925297114,SPEAKER_10,sven,sven2023-11-14
9ae2b7d21b46549360a9fe6485bf752bd26e9925bd15d85dee1e2a90,2023-11-14T00:00:00Z,"Nee, in die zin dat, ik heb het over alle drie waarvan ik,

 Tuurlijk, je kunt je verkiezingsprogramma oplepelen, maar het gaat ook over welke verhalen hou je in debatten.

 Ik heb zelf vier grote lezingen gegeven, waarin ik wel een perspectief op de toekomst probeer te schetsen.

 Geldt dat voor Omtzigt?",429.1595925297114,445.5942275042445,SPEAKER_13,sven,sven2023-11-14
8e5b37259d3c085ae56b0889dcf7ddaeed90341dbbe415618f1c914d,2023-11-14T00:00:00Z,"Ja, voor de anderen niet.",446.3073005093379,448.3106960950764,SPEAKER_13,sven,sven2023-11-14
954e2b5223f8140c13bc68401a2752fc0e9a1dfe6126b1136bf348c2,2023-11-14T00:00:00Z,Heb je het bij het Sberg lezing gegeven?,447.1561969439729,449.9915110356536,SPEAKER_10,sven,sven2023-11-14
c6323c5fc28993998a448ff78aee75f614b98ccb110f979ef0f8ef27,2023-11-14T00:00:00Z,"Ja, dat is alweer een tijdje geleden.

 Maar toch?

 Zeker, maar ik zie ze weinig, zeker voor dat kaliber mensen zie ik ze weinig visie op de mat leggen.",449.9915110356536,459.7028862478778,SPEAKER_13,sven,sven2023-11-14
39085e9788442faef85de9e6691114d43b431b5ec93b564df9e03ed5,2023-11-14T00:00:00Z,"En ook op het gebied van inhoud.

 En dat verwijt de lijsttrekkers van de drie grote in de peilingen visieloosheid.",452.11375212224107,463.9473684210526,SPEAKER_10,sven,sven2023-11-14
f27c460005f423e8897e91f5b720b151a60b5c1d6e0a9477c78e0d28,2023-11-14T00:00:00Z,"Nou, ik vind dat ze in deze campagne weinig inhoud brengen en ook ik mis ze gewoon de energie.

 En u verwijst net naar collega Omtzigt.

 Ja, dat verhaal gaat heel erg over inderdaad bestuurscultuur.

 En dat heb, terecht verhaal, er zijn dingen heel erg flink misgegaan bij de toeslagenaffaire, bij de afhandeling van Groningen.

 Maar met alleen een nieuwe bestuurscultuur, dat is niet een verhaal voor hoe we Nederland verder brengen.",460.0933786078099,488.616298811545,SPEAKER_13,sven,sven2023-11-14
7fd330fc4e0b3b6a8e6ee024fa05c5efa0499a8f5325ffd9b46b64f9,2023-11-14T00:00:00Z,"Maar het gaat ook over bestaanszekerheid, het gaat ook over wonen, dat programma, u hebt het ongetwijfeld gelezen.

 Gaat u verder dan dat?",487.49575551782686,493.6078098471986,SPEAKER_10,sven,sven2023-11-14
7de511f92c57ca6026b36f460f86f7bea7171f8f3e5421143b0a5c0f,2023-11-14T00:00:00Z,"Maar hoort u me die verhalen houden? Ik hoor alleen maar verhalen over een constitutioneel hof.

 Maar gaan we met een constitutioneel hof dan de migratiecrisis beteugelen?

 Gaan we met een constitutioneel hof extra woningen bouwen?

 Nou, hij heeft een heel smal verhaal eerlijk gezegd.",491.2648556876061,505.8149405772496,SPEAKER_13,sven,sven2023-11-14
429569e47524ba416ceaccac6db02b338b610ff375bbefd181fd35de,2023-11-14T00:00:00Z,"Hij heeft een richting voor het immigratiesaldo aangegeven, na de 50.000.",503.04753820033955,510.874363327674,SPEAKER_10,sven,sven2023-11-14
a272396f7c1239ade6e5cc5d18ed3f7b92dfff1e364ce177cc1f6fd6,2023-11-14T00:00:00Z,En dat ontbreekt bij u.,507.8692699490663,511.0271646859083,SPEAKER_13,sven,sven2023-11-14
809d8988fce33f4b7682fe378cfd89745b755ef0da04e2563c6eb7d0,2023-11-14T00:00:00Z,Exact.,511.74023769100177,511.9949066213922,SPEAKER_10,sven,sven2023-11-14
4d5bcec900f6422af5ab07f4b463216b5d5db79a47b71289a484ae78,2023-11-14T00:00:00Z,"Het klopt helemaal en dat heeft een reden.

 En dat is precies het punt wat ik wil maken.

 Zo'n richtgetal kun je dus niet waarmaken.

 En als je vervolgens in het verkiezingsprogramma van NSC bekijkt hoe ze dat dan gaan doen.

 Dan staat er als 50.000 nummer 1 binnenkomt in Nederland als asielzoeker.

 Ja, nee, maar er staat er. Dan moet het kabinet een noodwet maken.

 Ja, zo kan ik ook politiek bedrijven.

 Dan hoor je in je verkiezingsprogramma te zetten welke maatregelen er dan in die noodwet staan.

 Tuurlijk heeft een regering voordat we naar die 50.000 gaan al natuurlijk beleid moeten maken.

 Maar mensen, het is een makkelijke uitweg tot zeggen ja, dat hoort in de regering dan wel.",511.9949066213922,552.962648556876,SPEAKER_13,sven,sven2023-11-14
fa65129cb9793e88b8fa7329af97362615e6ea3da32c8a833b8f293f,2023-11-14T00:00:00Z,"Dan staat er niks.

 Maar het is een doelstelling.

 Nee wacht, ik maak even mijn zin af.",528.0390492359932,532.3344651952461,SPEAKER_00,sven,sven2023-11-14
96400014778ebb9d0f822f356cb1de0e5ae40ecb13ac5d95fb4b76d0,2023-11-14T00:00:00Z,"Ik ben geen lid van NSC, van geen enkele partij trouwens.

 Jammer.

 Maar het is een belangrijke, jammer.

 Ja, u mag lid worden van het CDA.

 Dan betaal ik uw lidmaatschap voor een jaar.

 Is het dan zo erg dat de lijsttrekker zelf de contributie gaat betalen voor nieuwe leden?

 Ja, alleen voor u.

 Maar als u die twee programma's naast elkaar legt, namelijk die van het CDA en van Pieter Omtzigt,

 oh juist op het terrein van migratie, dat is bijna een op een hetzelfde behalve het ritgetal.",547.2920203735143,579.804753820034,SPEAKER_10,sven,sven2023-11-14
8aac1feeda70e2f443259d037e2ec50cf17da4cc4095576b9a1b3b23,2023-11-14T00:00:00Z,"Dus hoe kunt u hem dan van alles nog wat verwijten?

 Nou, omdat ik, ik zeg net, als ik naar de campagne tot nu toe kijk,

 waar de lijsttrekkers optreden en met welk verhaal ze dan dat verhaal houden,

 en met welke passie en energie, zie ik niet een campagne van leiders die graag Nederland willen regeren

 en uiterhard een verhaal op de toekomst hebben.

 Ik zie toch veel voorzichtigheid.",561.6044142614601,602.9966044142614,SPEAKER_13,sven,sven2023-11-14
5a0218fc9fd107461318958a45c68c45bd334bd36ba196f0796400c8,2023-11-14T00:00:00Z,"U ziet te weinig leiderschap.

 Ja, dat zie ik.

 U verwijt dus de leiders in de peilingen te weinig leiderschap?",601.044142614601,609.6179966044142,SPEAKER_10,sven,sven2023-11-14
e83aea3a999446722a3d7627d0b4caf6869c2aa0e582eed37eefd166,2023-11-14T00:00:00Z,"Ja, ik vind dat ze heel voorzichtig opereren.

 Ik vind dat ze niet in hun openbare optredens een visie op Nederland neerleggen.

 Ik mis de energie dat ze dit land willen regeren.

 En ook ze zijn heel veilig met elkaar bezig.

 Ga nou eens echt op de inhoud door.

 Wat willen we met klimaat? Wat willen we met migratie? Wat willen we met Europa?

 Europa, er is ook zo'n punt. Wat wil NSC met Europa?

 Ja, ik weet het niet.

 Er is nota bene een oorlog aan de buitengrens van Europa.

 Er stond vanochtend nog een artikel, een interview van Tom Jan Meijers in het NSC,

 met een oude AIVD topman, die maakt zich grote zorgen over de opstelling van Rusland.

 En dan zegt NSC in het programma, ja, we gaan met de veto werken en een opt-out.

 Ik zou daar een debat over willen, want ik heb in mijn lezing gezegd,

 het is eigenlijk de eerste stap in de ontmanteling van de Europese Unie wat je daar zet.",610.3820033955858,660.144312393888,SPEAKER_13,sven,sven2023-11-14
4034a15040d4f561ec542f70a4c29f9cc2c165d2fb5b6b3c16087fae,2023-11-14T00:00:00Z,Er is nota bene een oorlog aan de buitengrens van Europa.,643.0305602716469,648.5993208828522,SPEAKER_00,sven,sven2023-11-14
3a11d5e19ac1d46806560942b4f3a91464d50182dfd9d9698744540b,2023-11-14T00:00:00Z,"Over oorlogshandelingen gesproken, u wilt nog een debat.

 Namelijk deze week een spoeddebat over Gaza.

 Ja, er is nu een discussie...

 Daar was de stuurpartij eerst op tegen.

 Vanochtend in dezelfde NSC, dezelfde krant die u net aanhaalt,

 bericht van een memo van een defensieattaché,

 ik zocht even naar het woord,

 een defensieattaché in de ambassade van Tel Aviv,

 die in feite zegt met zoveel woorden dat Israël onevenredig geweld gebruikt.",660.144312393888,689.8387096774193,SPEAKER_10,sven,sven2023-11-14
6f19bae08d8fd852e62deeb0324b2ddd402970c8027c1b23423390ca,2023-11-14T00:00:00Z,Waarom wilt u nu opeens wel een spoeddebat?,690.2801358234296,692.4193548387098,SPEAKER_10,sven,sven2023-11-14
27e4cb9b382a6272d39061e77b9353f7312029703d205274b4e0463a,2023-11-14T00:00:00Z,"Ja, ik ben niet helemaal van de meest recente ontwikkelingen op de hoogte,

 omdat ik de hele ochtend ook gewoon nog bezig ben geweest.

 Dus wat ik weet is dat de Kamer vraagt om een debat hierover.

 Ik snap dat wel goed, omdat de ontwikkelingen heel snel gaan.

 En de situatie daar is natuurlijk dramatisch.

 over de humanitaire situatie in Gaza.

 De Kamer wil daar natuurlijk over debatteren.

 Maar wat ik even uit mijn geheugen,

 er is ook nog een schriftelijk overleg geweest twee weken geleden

 en de antwoorden daarvan zijn er nog niet.

 En er is nog een soort rondetafelconferentie met oude ex-press Dondrag?

 Dus dat gaat over de vraag van hoe proportioneel is de actie van Israël nou?",693.2003395585739,738.1918505942276,SPEAKER_13,sven,sven2023-11-14
fdbaeba0455b1f6c71b61d05a0c241ef10c947a20b442f55de60d0d6,2023-11-14T00:00:00Z,"Onze eigen minister Hanke Bruins-Slot heeft natuurlijk zelf ook een waarschuwing gegeven,

 gisteren of ingisteren, wanneer ze zich echt grote zorgen maakte",708.8539898132428,718.1748726655348,SPEAKER_00,sven,sven2023-11-14
d4d3e661d5c1d281863ace57d1341af4f359dcf281e4987e9d71a36e,2023-11-14T00:00:00Z,Die is door mijn collega Dirk Boswijker aangevraagd.,728.8709677419356,735.7300509337861,SPEAKER_10,sven,sven2023-11-14
2d83d89871ca6ce21dfe49f36242f1f6aafc24f226b47826e2a3e3b1,2023-11-14T00:00:00Z,Dus daar laat ze zich nog informeren.,738.4125636672327,743.7775891341257,SPEAKER_13,sven,sven2023-11-14
773c0fb1f430d3699477b6c1f9013ddaa10f514b72efa187e8a65232,2023-11-14T00:00:00Z,"Maar inmiddels bent u dus wel voor een spoeddebat.

 Dat was u eerst niet.

 Is daarmee ook uw standpunt tegen Israël bijvoorbeeld veranderd?",743.0645161290322,748.8030560271648,SPEAKER_10,sven,sven2023-11-14
d7377bb8ee916206754b58c4be229d8a2c980c3a1c1ff76998835a2e,2023-11-14T00:00:00Z,"Nee, dat standpunt is natuurlijk nooit hard gestold.

 Want wij moeten ons steeds laten informeren door de ontwikkelingen die zich voordoen.

 Maar ook door experts.

 Dus mijn collega Kamerlid Dirk Boswijker,

 die heeft denk ik heel behoedzaam geopereerd door eerst die motie in te dienen,

 waarin denk ik heel goed de middenweg geschetst is.

 Van een zijde dat Hamas een terroristische aanslag heeft gepleesteren

 en dat zijn organisatie uitgeschakeld moet worden.

 Maar ook die humanitaire kant heeft hij gelijk benaderd.

 En hij is de initiatiefnemer geweest van die rondetafel,

 waarin de Kamer zich laat informeren door juristen.

 Dus dat is denk ik een heel goed spoor geweest.",749.7198641765704,783.6926994906621,SPEAKER_13,sven,sven2023-11-14
d492bbb283854d7cd662366396969a10f3086cf5c53e0ef3b09a90d8,2023-11-14T00:00:00Z,En is uw standpunt tegen Israël veranderd naar dat memo van die defensieattaché op de ambassade in Tel Aviv?,783.6078098471987,788.7521222410867,SPEAKER_10,sven,sven2023-11-14
e35fcfc27ac3af335bf4b00e6af9d267f27ef971a15efc3f7302b337,2023-11-14T00:00:00Z,"Die memo heb ik gewoon nog niet gelezen.

 Dus ik heb hem niet gelezen.

 Hierover vraagt u mij gewoon.

 Dat moet ik ook even aan mijn collega...",789.4312393887947,796.1205432937181,SPEAKER_13,sven,sven2023-11-14
0be6676f6f94ca5273af5cdcdf06a57c603c9cb2b50d7e54258ce1d9,2023-11-14T00:00:00Z,"Ik zal de inleiding van de krant voorlezen.

 Volgens een vertrouwelijk memo van de Nederlandse defensieattaché in Tel Aviv

 heeft het Israëlische leger de intentie

 om bewust enorme vernietiging aan de infrastructuur en civiele centra in Gaza aan te richten.

 Deze strategie verklaart het hoge aantal doden onder de burgerbevolking.

 Israël gebruikt in Gaza onevenredig geweld, dat is dan geciteerd,

 en voert doelbewust aanvallen uit op de civiele infrastructuur zoals bruggenwegen en wooncomplexen.

 Deze aanpak verklaart het hoge aantal doden in Gaza

 en vormt volgens critici een schending van internationale verdragen en oorlogswetten.

 Al dus het citaat.",794.9490662139219,831.2478777589133,SPEAKER_10,sven,sven2023-11-14
3f0a446c45e066dea77e4689888f69fbf348ff10dfe3c6cc5a388d01,2023-11-14T00:00:00Z,"Kijk, als dat klopt is dat fout.

 Maar ik kan dit natuurlijk nu niet beoordelen.

 Dus ik heb de memo niet gelezen.

 Ik zou er eerst even contact intern met Derk Rosrijk over moeten.

 Ja, maar goed, ik ben niet een politicus die op basis van nu vijf minuten informatie

 gelijk een ferm standpunt in neemt.

 Er zijn al genoeg ferme standpunten over dit conflict.",831.9779286926996,854.4567062818337,SPEAKER_13,sven,sven2023-11-14
08ca31ffb3219b450e9dd315e2f48fede36df53c117c1d12a90b09bd,2023-11-14T00:00:00Z,"En dat helpt zo'n conflict vaak niet beter oplossen.

 Zullen we terugkeren naar de Nederlandse verkiezingen en de Nederlandse thema's.

 Een van de belangrijkste thema's is wonen.

 Daar gaat het eigenlijk bijna helemaal niet over in de hele verkiezingscampagne.",849.1595925297113,863.5398981324279,SPEAKER_10,sven,sven2023-11-14
19ca6de6a27a1cc4b91f9cd845b08a30114a14ddb9a895dce6f182e4,2023-11-14T00:00:00Z,"Nee, dus het is sowieso best wel apart dat het zelfs niet eens duidelijk is

 wat nou de grote thema's in deze campagne zijn.

 Wonen is natuurlijk wel een heel groot zorgpunt van mensen.

 Want de kern is natuurlijk dat we te lang hebben vastgehouden aan een woningmarkt

 waarin de ontwikkelaars en de gemeentes bepaalden waar wat gebouwd werd.

 Tegen welke prijsklasse, welke categorie.

 En dat is wel ingezet door minister De Jonge om daar echt weer regie op te voeren.",864.6434634974532,892.1816638370119,SPEAKER_13,sven,sven2023-11-14
356e3b9ca43ee9c894e437b463686f310304c83fe7a922d2b3f438df,2023-11-14T00:00:00Z,"Er is op tijd tot op heden, er worden minder huizen gebouwd.

 Dat is niet helemaal waar.

 Ja, dat is wel waar.

 De vooruitzichten zijn ook tamelijk somber.",891.1120543293719,901.383701188455,SPEAKER_10,sven,sven2023-11-14
ba361d8c784371afac1416fc506b85562c5e6fd97052d2ec37c225c2,2023-11-14T00:00:00Z,"Dat klopt.

 Dus als ik goed geïnformeerd ben, ik doe het even uit mijn hoofd.

 Ik heb de cijfers niet paraat.

 Maar volgens mij vorig jaar 80.000 woningen gebouwd.

 Of 90. En dit jaar ook 90.

 Dat was volgens prognose.

 Want er zit een soort stijgende lijn in het aantal woningen wat er opgeleefd wordt.

 Nu hebben we gewoon te maken met een hele hoge rente.

 En ja, dat zorgt echt ervoor dat die woningmarkt stopt.",895.7470288624788,924.8132427843802,SPEAKER_13,sven,sven2023-11-14
d39002d04f26483c68debaa69f20dc2395864f3792c0205ae6487ecb,2023-11-14T00:00:00Z,"De minister heeft zelf aangegeven dat de vooruitzichten somber zijn.

 Even los van het aantal huizen dat op heden is gebouwd.

 En dat heeft te maken met een stijgende hypotheekrente.

 Stijgende grondstoffenprijzen ook voor het bouwen van huizen.

 Maar het heeft volgens in ieder geval investeerders ook te maken met het beleid van de minister.

 En die is van uw partij, dat is Hugo De Jonge.

 En die investeerders die zeggen, ja luister eens, als je de huren gaat bevriezen...

 en je gaat zo ingrijpen in die woningmarkt...

 en je haalt het marktprincipe eruit, dan gaan wij daar niet meer in investeren.",923.5229202037352,955.5942275042446,SPEAKER_10,sven,sven2023-11-14
8df78d250205e7975d09dfbb3ca9a0490e3708e331d5f28f41935ae2,2023-11-14T00:00:00Z,"Resultaat, de orderportofuilen van bouwbedrijven lopen leeg.

 Ja, en die kritiek ken ik natuurlijk. En die heb ik ook wel geverifiëerd.

 Maar als ik anderen beluister die zeggen...

 ja, het is toch echt wel voornamelijk die rente waardoor de bouw nu stokt.

 En dat blijkt ook uit wat er in andere landen gebeurt.

 Want daar zie je namelijk ook dat de woningbouw stokt op basis van die hoge rente.

 Kijk, ik heb niet alleen het belang van natuurlijk de beleggers en van de investeerders...",928.616298811545,983.081494057725,SPEAKER_13,sven,sven2023-11-14
0ac86d28d7c86cb1e7ec82b77a8a3018611949aa8023017329882980,2023-11-14T00:00:00Z,"Maar die beleggers zorgen voor huizen. Die beleggers gaan bouwen...

 waardoor mensen in die huizen kunnen gaan wonen.",981.7572156196944,986.239388794567,SPEAKER_10,sven,sven2023-11-14
61de5a07cf73c04cf191a2e89c670dde3ee4d3654fff7182f573a8cf,2023-11-14T00:00:00Z,"Ja, maar die hebben ook heel vaak in huizen geïnvesteerd...

 die aan de bovenkant van de prijsklassen zaten.

 Waarvan het economisch instituut voor de bouw weer zegt...",986.239388794567,992.5551782682512,SPEAKER_13,sven,sven2023-11-14
031a99f65991bacbf3fb9bb804b09e016a9a1d8aed5150a282ae21a4,2023-11-14T00:00:00Z,"er hadden meer huizen moeten komen in het hoger segment.

 Dan was de doorstroming in de hele huizenmarkt beter geweest.

 En dan waren er ook meer huizen beschikbaar geweest voor gezinnen en voor middeninkomens.",991.6723259762308,1005,SPEAKER_10,sven,sven2023-11-14
882bc00516826c90895ad18570d56be92ce2da54f5ea4e321e46c85b,2023-11-14T00:00:00Z,"Nou ja, ik denk dat er sowieso heel veel meer gebouwd had moeten worden.

 En dat er ook in hele andere prijsklassen gebouwd had moeten worden dan we gedaan hebben.

 Dus de afgelopen jaren hebben we gezien dat met name ontwikkelaars dit bepaald hebben.

 En ook welke prijskategorie en welke groepen.

 Dus wij zeggen twee derde moet gewoon betaalbaar zijn.

 En we gaan vooral bouwen voor jonge mensen.

 Voor de senioren en ook voor de middeninkomens, voor de gezinnen.",1005,1037.648556876061,SPEAKER_13,sven,sven2023-11-14
5a4e386c540920f73684700ff1d7fb1b9af6270415468e14e41f34eb,2023-11-14T00:00:00Z,"En gemeentes. En wat je moet doen volgens mij als Rijk...

 en daar is natuurlijk de minister mee bezig, is daar regie opvoeren.

 Dus zeggen waar er grootschalig gebouwd gaat worden.",1013.471986417657,1024.8302207130732,SPEAKER_00,sven,sven2023-11-14
9efa61d137f5e3eca3acfd2909e00d21a43941f37dc849fb2e6694c2,2023-11-14T00:00:00Z,"U schrijft ook in uw verkiezingsprogramma, pagina 50 is dat.

 Dames en heren, mocht u meelezen met het programma van het CDA op schoot.

 We stimuleren dat jongeren sparen voor de aankoop van een woning.

 Daarvoor worden afspraken gemaakt met banken.

 En een bijdrage verleend om te kunnen sparen voor de aankoop van een huis...

 tegen een hogere en aantrekkelijke rente.

 Voor starters wordt bij het aanvragen van een hypotheek de actuele stand van de studieschuld bepalend.

 Er staat niet, ik ga met de banken praten en zorgen...

 dat het carrièreperspectief voor jonge mensen...

 die in de loop van hun leven overigens als starter veel meer gaan verdienen...

 als ze een beetje een fatsoenlijke betrekking kunnen vinden.

 Dat dat wordt meegerekend.

 En dat je dus niet naar het startkapitaal van zo'n jong iemand moet kijken.",1037.648556876061,1075.8149405772497,SPEAKER_10,sven,sven2023-11-14
554cca30cdff69198c0671937d38c4393e28d084dc40fa01d800504b,2023-11-14T00:00:00Z,"Nou, dat is een heel goed idee wat u mij aanraakt.

 En wellicht dat we dat alsnog wel in het beleid kunnen fietsen.

 Want dat vind ik best een redelijk voorstel.

 Kijk, wat wij hiervoor hebben voorgesteld is dat...

 jonge mensen met hulp van de bank alvast een beetje kunnen sparen...

 zodat ze makkelijker een hypotheek kunnen krijgen.

 Dus dat is een manier om wel op die woningmarkt te komen.

 Maar ik ben het heel erg met u eens.

 Jonge mensen die blijven nu heel lang thuiswonen...

 en zeker als ze bijvoorbeeld een gezin willen stichten...

 die komen nu de hele woningmarkt niet op.

 Dat vind ik erg onrechtvaardig.",1076.9354838709678,1108.3786078098474,SPEAKER_13,sven,sven2023-11-14
c3eb238a0c569a0fcab88c1f30358643ab4310bad45f796fceb1daff,2023-11-14T00:00:00Z,"Omdat een bankmede zegt...

 Dames en heren, u hebt nog veel te veel studieschuld.

 U krijgt maar tot een bepaald bedrag een hypotheek.

 En daar zijn geen huizen voor te vinden.",1107.716468590832,1114.8981324278438,SPEAKER_10,sven,sven2023-11-14
b1ff4a8fe6a91503417d55bc5449963fa783e9f883e56b6320cf6191,2023-11-14T00:00:00Z,"Klopt. En daarom hebben we ook gezegd...

 kijk nu naar die actuele schuld.

 Tegelijkertijd is het natuurlijk ook wel eerlijk om te zeggen...

 het is wel schuld.

 Het is wel iets wat nog afbetaald moet worden.

 Maar ik denk dat banken daar op een andere manier mee moeten omgaan.",1115.9337860780984,1128.446519524618,SPEAKER_13,sven,sven2023-11-14
465260810e6b0dcb77d0124634638f9439cb0856d890644aa7e03073,2023-11-14T00:00:00Z,"Maar dat is niet als carrière perspectief.

 Toen u twintig was, toen verdiende u ook minder dan nu op uw 41ste.

 Van harte trouwens nog.",1127.5466893039052,1134.7962648556877,SPEAKER_10,sven,sven2023-11-14
7526e02ab2f398944e31de16e9a21ccb6f7a36b7f8bd6c6be4fdf740,2023-11-14T00:00:00Z,Dank u wel.,1135.1528013582342,1136.5110356536502,SPEAKER_13,sven,sven2023-11-14
cb1af81310e2eebb98328fe770ad77eacd863157e5f54a9dc55d3962,2023-11-14T00:00:00Z,Nog wel gefeliciteerd van andere lijsttrekkers aan passant?,1135.9507640067914,1138.39558573854,SPEAKER_10,sven,sven2023-11-14
7d54b55faf5a875f595904f10e52641b15a2abf0bb29c5f4640001c5,2023-11-14T00:00:00Z,"Ja, zeker.",1138.8709677419356,1139.8387096774195,SPEAKER_13,sven,sven2023-11-14
922443cd8714989fe7e48991a6d93a9b2ba71ace502363bce13bd367,2023-11-14T00:00:00Z,"Van wie?

 Dat ga ik u allemaal niet vertellen.

 Van wie niet dan?",1140.1103565365024,1144.049235993209,SPEAKER_13,sven,sven2023-11-14
51a7c083acfd9a3ab7115fc639e7af811d4b8b966a040decbebfa71d,2023-11-14T00:00:00Z,"Dat ga ik u al helemaal niet vertellen.

 Maar het is wel leuk om te zien welke collega's sociaal zijn.

 Hebben ze al een bonte poes gekregen trouwens?

 Ja, dat zijn caloriebommen waar je de mensheid niet...

 al te veel mee geweld moet aandoen.

 Dat is een combinatie van een tompoes en een croissant.

 En volgens mij, als je obesitas wil bestrijden...

 moet dat niet een product zijn wat we massaal gaan verkopen.",1144.55857385399,1167.818336162988,SPEAKER_13,sven,sven2023-11-14
851c11c7a22a4edf3d99834a24668b0796364abc64a00f41ed3fc8c2,2023-11-14T00:00:00Z,"En als je het woord hoort zonder dat je weet wat het is...

 bonte poes, dan denk je aan een café met een bedenkelijk kalooi.",1167.8013582342955,1173.0305602716471,SPEAKER_10,sven,sven2023-11-14
fd02f0deb351a00bad18439e4aa4a9011107a720acb1ed3ab45ffc22,2023-11-14T00:00:00Z,Ik breng me nog op ideeën na mijn carrière.,1171.1969439728357,1177.6825127334464,SPEAKER_13,sven,sven2023-11-14
b8beb8cb229833056035f027a20edea40871589626848527cf09268b,2023-11-14T00:00:00Z,"Misschien dat ik dan een café met die naam kan openen.

 De bonte poes.",1173.0475382003397,1178.005093378608,SPEAKER_10,sven,sven2023-11-14
3981a06eb3e3d2d70e17095ef19911fe4ae672ee1816f1d03b6e87b5,2023-11-14T00:00:00Z,"Ja, wellicht. Maar ik was nog niet van plan om weg te gaan.",1178.005093378608,1182.1986417657045,SPEAKER_13,sven,sven2023-11-14
2c7b9c98f50424f1084d8eeae637eac7c7c8a0dac863a168baf5d407,2023-11-14T00:00:00Z,"Nee. Goed, terug naar die woningmarkt.

 Want er staat nog iets belangrijks op het programma voor december.

 De huidige demissionair minister van Wonen, uw partijgenoot...

 moet naar het parlement ook.

 En wordt er duidelijkheid gegeven over de zogenaamde doorbouwgarantie.",1182.1986417657045,1202.962648556876,SPEAKER_10,sven,sven2023-11-14
563ca0cb099f54d5aa9d20039b0ba7beb23a270939ae1b192e88066d,2023-11-14T00:00:00Z,Ja. Wat moet daar gebeuren wat u betreft?,1203.5738539898134,1205.8828522920203,SPEAKER_10,sven,sven2023-11-14
5f72fc243e1c6b321b4b0b6264f4d78275e4be0b6261927a6470d28b,2023-11-14T00:00:00Z,"Er zijn best wel veel partijen die niet doorbouwen...

 vanwege de verslechterde uitzichten.",1207.0713073005095,1214.8302207130732,SPEAKER_13,sven,sven2023-11-14
0c165b857d03a1354c535e093e5666c606b9a71d5b75c0930d7ca202,2023-11-14T00:00:00Z,"En je wil dat projecten die al best wel ver gevorderd zijn...

 dat die dan toch doorgaan.

 Dus de minister zoekt natuurlijk allerlei manieren om de malaise in de bouw...

 om die nu toch te counteren.

 En om alles wat er al wel gedaan is, dat toch een zetje te geven.

 Ik vind dat goed.

 Ik vind dat we alle maatregelen die nog mogelijk zijn...

 om wel die bouw te versnellen.

 Want die productie van die huizen moet doorgaan.",1215.1018675721562,1238.7011884550084,SPEAKER_13,sven,sven2023-11-14
ef2809eb5dc9d8d0ac64bbc375b5930af63381ecd36752c81bb447a1,2023-11-14T00:00:00Z,"Ik vind het goed dat we daar dan op inzetten.

 Maar goed, dat loopt allemaal niet zo soepel.

 Het is niet allemaal de schuld van de minister.

 Er zijn ook allemaal externe factoren.

 Maar sommige wijzen ook wel naar het beleid.

 En nu zeggen deelnemers aan die woningmarkt...

 van woningcorporaties tot investeerders...

 dat we in Den Haag, als straks de verkiezingen achter de rug zijn...

 zorg dat dit niet nog een heel tijd op de formatietafel blijft liggen...

 en ga meteen aan de slag.

 Met andere woorden, Tweede Kamer, neem daar het voortouw.

 Verklaar dit niet controversieel.

 Want de nieuwe Tweede Kamer zal opnieuw moeten beslissen...

 wat wel en niet controversieel is.

 Maar ga hiermee aan de slag en laat de jongens een kawai afmaken...

 om maar in Lubbers termen één van uw grote voordelen te spreken.",1236.6808149405774,1273.319185059423,SPEAKER_10,sven,sven2023-11-14
62261e921c44db44250cfabbbaf78a7d75889aef5509968a9b5e1687,2023-11-14T00:00:00Z,"Ja, daar voel ik veel voor.

 Maar dat geldt eerlijk gezegd voor nog wel een aantal problemen.

 We hebben het ook over migratie gehad.

 We hebben het over klimaat.

 Dat zijn best wel wat thema's waar echt voortgang geboekt moet blijven worden.

 En dat geldt ook zeer zeker voor de woningmarkt.

 Maar goed, er zit, zolang er geen nieuw kabinet is...

 blijft de ministersploeg zitten.",1271.6893039049237,1296.6638370118844,SPEAKER_13,sven,sven2023-11-14
4a68a9cd26d99d5316851b82fb9c2194bf6b4429910b16871771eab9,2023-11-14T00:00:00Z,"Dus die hoeven niet de duimen te draaien, wat mij betreft.",1296.6808149405774,1299.3803056027164,SPEAKER_13,sven,sven2023-11-14
683b8ea76fcfc8a294b2b2ba45c8e1ffbf7a50d65c343e95dfafcf6b,2023-11-14T00:00:00Z,Het is bijna alsof u tussen de regels doorzegt...,1299.3803056027164,1300.7894736842104,SPEAKER_10,sven,sven2023-11-14
35f229cc42144a6657c61d00fddd2b760248bc0232f0d1a38f700b89,2023-11-14T00:00:00Z,laat dit kabinet zo lang mogelijk zitten.,1300.7894736842104,1302.9966044142616,SPEAKER_13,sven,sven2023-11-14
77dcb911b8a20057df483ca1cb833fae471b7f87176425da5c939055,2023-11-14T00:00:00Z,"Ik denk dat een aantal bewindspersonen best wel goed is voor het land.

 Als ik zie wat Karien van Gennep doet op het gebied van de arbeidsmarkt...",1303.0984719864175,1312.572156196944,SPEAKER_13,sven,sven2023-11-14
9f146c8f580f99ee08f735617c2ee119a19a32bc304ae5899adb6f8b,2023-11-14T00:00:00Z,"We gaan nu de hele CDA-lijst af, anders...

 U vroeg, Rommelik Kokkeman.",1311.3157894736842,1315.2037351443123,SPEAKER_10,sven,sven2023-11-14
39589afff7edcad6257aee5f43f0352ab3bee592a5a56e67bcc18896,2023-11-14T00:00:00Z,"Ik ben trots op een aantal...

 wat we Hanke Bruins-Slot op het gebied van buitenland nu doen.

 Ik pet je af in zo'n zware crisis er maar weer gaan staan.

 Ik heb diep respect voor mijn collega's daar.",1313.0984719864175,1326.06960950764,SPEAKER_13,sven,sven2023-11-14
e6ee5c75fedffe909e6816da756225560c731ce7ad0745b74677b4b0,2023-11-14T00:00:00Z,"Of die collega's blijven of niet, dat hangt natuurlijk af...

 van de uitslag van de verkiezingen en over hoeveel zetels u binnenhaalt.

 Maar zelfs als dat er niet al te veel zouden zijn...

 zou u best eens nodig kunnen zijn voor de vorming van een kabinet.",1326.06960950764,1338.735144312394,SPEAKER_10,sven,sven2023-11-14
020f9e532b86a41d90840153fb1d9beeb10e1a3e6cde5eade8245ccb,2023-11-14T00:00:00Z,"Ja, ik vind het wel heel vroeg om daar nu over te praten.",1339.7368421052631,1342.9456706281835,SPEAKER_13,sven,sven2023-11-14
700b65673c480bd4a462a02b2efb16845fda4199a7c782f5e60f2768,2023-11-14T00:00:00Z,"We zitten een week voor de verkiezingen, dus zo vroeg is dat niet.",1342.23259762309,1344.4736842105262,SPEAKER_10,sven,sven2023-11-14
1403def42e0bdcaee2dfd226c625732d1c281ed7287d05a0dd61b507,2023-11-14T00:00:00Z,"Ik denk dat in acht dagen nog van alles kan gebeuren, ook qua uitslag.

 Een groot deel van de kiezer weet echt nog niet wat hij gaat stemmen.

 Dus dat gaat de komende dagen bepaald worden.

 De uitslag zal bepalen wat onze keuze gaat zijn om wel of niet mee te doen.",1344.7792869269952,1364.5246179966043,SPEAKER_13,sven,sven2023-11-14
b32d6b79c8a4a4d1110bde4827c9e9716b1a7e050162c82b78a470ff,2023-11-14T00:00:00Z,"U moet er van tevoren over hebben nagedacht.

 Pieter Ontzigt heeft een richting opgegeven, later weer teruggedraaid...

 en gezegd dat er weer veel meer mogelijk is.

 Maar die kwam ook met een kabinet waar ook uw partij in voorkwam.

 Zou u hem steunen als hij zou gaan regeren, ja of nee?",1357.4617996604416,1378.0390492359934,SPEAKER_10,sven,sven2023-11-14
a708b0f6852e43a22018531a7e467b6f557e3a95842d2e332bc9f488,2023-11-14T00:00:00Z,"Dat hangt heel erg van af wat er dan in dat akkoord staat.

 Een grote deel van zijn verkiezingsprogramma komt op behoorlijk wat punten overheen met dat van u.",1379.8896434634976,1389.2784380305602,SPEAKER_13,sven,sven2023-11-14
fdfa03ce374249665fa46436f0d629dddc76f7d96cd7ace29158a04f,2023-11-14T00:00:00Z,"Zeker, maar hij zal niet alleen coalitie kunnen vormen, dus dat zal hij met anderen gaan doen.",1389.6010186757217,1393.4889643463498,SPEAKER_13,sven,sven2023-11-14
ca312bf70c5100197cb8710afef8485030c3c155332f6cea856d96c0,2023-11-14T00:00:00Z,"Hebt u een voorkeur voor een links- of een rechtscoalitie?

 Ik heb echt voorkeur voor wat wij zelf een brede middenweg hebben genoemd.

 Je hebt de thema's klimaat...",1393.522920203735,1401.994906621392,SPEAKER_13,sven,sven2023-11-14
08c5b70ef215e2ddcfd89dd3a356f0c4f69dda47d20f317f7ea6babc,2023-11-14T00:00:00Z,"Dus u wilt Ontzigt, BBB, Jesselcuse van de VVD en Timmermans van GroenLinks PvdA.",1401.994906621392,1407.665534804754,SPEAKER_10,sven,sven2023-11-14
94da5b1acb106504050d328f63684fe9c7c9fb48582ed2214eb15553,2023-11-14T00:00:00Z,"Het gaat om de thema's, dus maak ik nog twee zinnen af.

 Migratie, dat wordt dan gezien als een soort rechtsthema.

 Klimaat als een soort linksthema, bestaat zeker uit een soort linksthema.

 Terwijl ik denk, je moet vanuit een soort brede middenweg, nieuwe middenweg...

 moet je in een gezamenlijk pakket al die thema's durven aanpakken.",1402.0118845500851,1424.949066213922,SPEAKER_13,sven,sven2023-11-14
129c1b9161def1e6777b01051798c3378bdc0255b3f502371817f985,2023-11-14T00:00:00Z,"Dus als er door het midden zou worden geregeerd...

 of er in ieder geval een poging wordt ondernomen om een middenkabinet samen te stellen...

 al dan niet met een meerderheid in de Tweede Kamer, bent u dan bereid om daar aan mee te werken?",1424.320882852292,1436.8675721561972,SPEAKER_10,sven,sven2023-11-14
2988fb4548c966901d2d5d1d2091c8ddc97209bcc3a39c6cc992cadc,2023-11-14T00:00:00Z,"Je kunt op twee manieren meewerken.

 Door in een coalitie te zitten of door in de oppositie te zitten.

 Want je kunt ook in de oppositie, denk ik, veel voor elkaar krijgen.

 En wij zullen nooit van de school zijn dat we de populistische kaart trekken...

 en alleen maar op anderen inhakken.

 Ik ben erg voor een constructieve vorm van oppositie ook.

 Het zal heel erg afhangen van wat er dan in een akkoord zit.

 En met name gewoon hoeveel zetels wij hebben.",1438.0899830220717,1462.979626485569,SPEAKER_13,sven,sven2023-11-14
a63ac48a0bbbcb6fb36897fa1bef5a4c17d7225840f28ca78f534ad2,2023-11-14T00:00:00Z,"Dus als de kiezer wil dat wij meedoen, stem massaal CDA.",1462.9966044142616,1466.120543293718,SPEAKER_13,sven,sven2023-11-14
32699a151e7c653f27cceaa6788fdc9064b4062abac290b4ae30af12,2023-11-14T00:00:00Z,"Maar wat is het minimum dan?

 Dan moet u ook boter bij de vis leveren, zal ik maar zeggen.

 Daar hebt u dan kennelijk over nagedacht.",1464.609507640068,1475.4753820033957,SPEAKER_10,sven,sven2023-11-14
575df01078e47a834070afc21312cec7e030cfa43a3c014a12981e4e,2023-11-14T00:00:00Z,"Dat is een aantal zetels waarbij u zegt, hiermee kan ik niet regeren.

 Dat heb ik nu niet meer. Ik heb dat niet van tevoren met een team bedacht.

 Als, als dan. Dat heb ik gewoon niet bedacht.",1472.4193548387098,1482.5042444821734,SPEAKER_13,sven,sven2023-11-14
ea1d28900607b6ae1913ad6304762e25659cba3734e783da9068d7a6,2023-11-14T00:00:00Z,"U zet het wel in uw eigen hoofd toch?

 U moet groot genoeg zijn om een rol van betekenis te kunnen spelen.",1481.960950764007,1487.308998302207,SPEAKER_10,sven,sven2023-11-14
e60ea3adff8a112e0b429681e0924d22975c5079731084a8d96de9a6,2023-11-14T00:00:00Z,"Nee, maar dat ga je ook altijd. 22 november komt de uitslag.

 Dan ga je kijken van, hoe landt dit? Hoe landt het ook in je eigen partij?

 Hoe kijken wij terug op de campagne?

 En ook, wat is de samenstelling van de rest?

 Dus het is niet, laat ik het zo zeggen.

 De reflex van het CDA om altijd mee te doen, die heb ik veel minder.

 Ik wil mijn ideale overheid halen en ik wil mijn huid duur verkopen.

 Dat is wat ik ga doen.",1484.7453310696096,1512.3174872665536,SPEAKER_13,sven,sven2023-11-14
07f5c069036c75b48ed256d8987b407faa67dac2a1a5c5bf92dd1359,2023-11-14T00:00:00Z,"Juist, tien zetels mikt u op hè?",1512.3174872665536,1513.862478777589,SPEAKER_10,sven,sven2023-11-14
dde807878b98c64e4f509e5bfc3a230d388c3def02a24f28a001c2ee,2023-11-14T00:00:00Z,"Ja, veel meer. Maar ik wil graag zeker tien halen.

 Tenminste tien. En is tien dan genoeg om mee te gaan regeren?",1514.8302207130732,1520.8064516129034,SPEAKER_13,sven,sven2023-11-14
83e92467bcd8b7512f5e426352cbee4dea1ed43b64491e499831ebdb,2023-11-14T00:00:00Z,"Hangt er vanaf wat de uitslag is van de rest.

 U vangt mij niet meer, Nick Corkelman, op dit punt.

 Nee?",1521.6723259762311,1526.9354838709678,SPEAKER_13,sven,sven2023-11-14
86307bc02b170ac3c9abe16323b04907e1c75d68a1236940deb09f55,2023-11-14T00:00:00Z,"Nee.

 Nou ja, de tijd is op, anders was ik nog wel even doorgegaan.",1527.0713073005095,1530.0084889643465,SPEAKER_13,sven,sven2023-11-14
110a3f4b6d6c807d3dfd25e9fbbedf85e4b81fd47f0e472d6b5dff29,2023-11-14T00:00:00Z,"Ja, anders plakken we er nog een half uur aan vast.

 Doen we een andere keer.

 Leuk.

 Hartelijk dank, Henri Bontenbal, de lijsttrekker van het CDA.

 Acht dagen voor de verkiezingen.

 En u kunt alle uitzendingen met de lijsttrekkers in dit programma...

 terugkijken via nporadio1.nl.",1530.2801358234296,1545.016977928693,SPEAKER_10,sven,sven2023-11-14
c6c3323b3973cf902ca515379c6537cf3f1c4137cacb68611f3491a5,2023-11-14T00:00:00Z,"Sven op 1 is een programma van Omroep WNL.

 Nooit meer slapen, de culturele late-night show van NPO Radio 1.",1546.0016977928694,1552.7928692699493,SPEAKER_02,sven,sven2023-11-14
c17d14924c53261d2307050228188204e90e8ad38b63f139df41b828,2023-11-14T00:00:00Z,"Ik ga in gesprek met schrijver Rob van Essen.

 Hij debuteerde in 1996 met Redden zwemmen.

 Sindsdien schreef hij vele romans, verhalenbundels en autobiografieën.

 Hij is winnaar van de JMA Biesheuvelprijs en de Libris Literatuurprijs.

 En nu verschijnt van zijn hand Ik Kom Hier Nog Op Terug.

 Een roman over schijn en werkelijkheid en de onvermijdelijke last van het verleden.",1552.7928692699493,1574.4397283531412,SPEAKER_01,sven,sven2023-11-14
94bfc3dd16bca6f0144598c219749e871d167cdc21f52cb0552b28d6,2023-11-14T00:00:00Z,"Komende nacht van 12 tot 1 in VPRO's Nooit Meer Slapen.

 Pemke van der Laan in gesprek met Rob van Essen op NPO Radio 1.",1574.4397283531412,1581.621392190153,SPEAKER_02,sven,sven2023-11-14
84de10e6ee6c4f55b2c98f994d5d24d091c8a1e1a1730f999bf911b7,2023-11-14T00:00:00Z,"Wie luistert, weet meer.",1581.6723259762311,1586.5619694397285,SPEAKER_01,sven,sven2023-11-14
08c7a94bc52c360596f05c9fd7d607766c29f00f347d89d809a4e1cd,2023-11-14T00:00:00Z,"U heeft er vast wel eens over nagedacht.

 De verkoop van uw onderneming, de financiële rust.

 Maar wanneer maakt u er werk van? Over een jaar? Morgen?

 Wat ons betreft vandaag.

 Met Smart Exit van Rembrandt M&E verzilvert u vandaag al het succes van uw bedrijf.

 En blijft u voorlopig ondernemen.

 Smart Exit van Rembrandt M&E. Een slimme stap in de toekomst.

 Kijk op rma.nl slash smartexit.",1588.463497453311,1612.7249575551782,SPEAKER_04,sven,sven2023-11-14
3d49c0720bd59ab1b4d49f33e9c78e7df4e951c998e0a12c177aa4dd,2023-11-14T00:00:00Z,"Check, check, dubbelcheck.",1613.8455008488963,1615,SPEAKER_04,sven,sven2023-11-14
83646743b1f06eb99bcdb73cfcd76623c5279efc8ea604b3b6da1dd4,2023-11-14T00:00:00Z,"Wist je dat Michiel, business intelligence specialist bij Zicht...

 zich in alle vrijheid onderdompelt in media- en klantonderzoeksdata...

 en vervolgens alles overzichtelijk in één dashboard zet?

 Ideaal voor zijn collega's om de beste media-strategieën en campagnes te ontwikkelen...

 en performance optimaal te monitoren.

 Zo versterkt Zicht de groei van klanten. Freedom to grow noemen we dat.

 Zicht, met Z-I-G-T.",1615.8319185059422,1638.786078098472,SPEAKER_05,sven,sven2023-11-14
33a6311413d10086b1c31417dd62f4f561ecbe74764f8b0a575ac286,2023-11-14T00:00:00Z,"Hoe laat je goede relaties weten dat je blij met ze bent?

 Door een mooi boek of leuke kalender voor ze te bestellen.

 Wij hebben al een voorselectie voor je gemaakt. Ga naar managementboek.nl slash toprelatie.",1639.753820033956,1649.8387096774195,SPEAKER_00,sven,sven2023-11-14
f76ff603ada62472591517e6ade3f6483fc1491dcf56cda5fc56ba46,2023-11-14T00:00:00Z,"Wist je dat een kalfje dat net is geboren meteen bij de moederkoe wordt weggehaald?

 Omdat er anders te weinig melk overblijft om te verkopen?

 Gelukkig sluiten steeds meer boeren zich aan bij kalverliefde.

 Dat is melk van koeien die wel zelf hun kalfjes mogen voeden.

 Kalverliefde. Eerst het kalf, dan wij.

 Ga op zoek naar het roze pak bij Albert Heijn en Plus.",1650.942275042445,1670.6366723259762,SPEAKER_06,sven,sven2023-11-14
0cdb74cfa5133633083eb88a92c286678318d736033f715ca3df5675,2023-11-14T00:00:00Z,"22 november kunt u het verschil maken. Stem SP.

 Want een grote SP is de enige garantie dat Nederland sociaal wordt.

 Wij verlagen de kosten voor het dagelijks leven en bezuinigen niet, maar investeren in goede zorg.

 Stem sociaal, stem SP.",1670.6366723259762,1686.2563667232598,SPEAKER_08,sven,sven2023-11-14
9206d2e9360fabc1299a2ac76e906c3979c891313439e2a202dba244,2023-11-14T00:00:00Z,"Pan Amsterdam. De kunstbeurs met 125 galerieën met kunst, antiek en design.

 19 tot en met 26 november. Rai Amsterdam. Info en tickets pan.nl.",1687.5297113752122,1697.716468590832,SPEAKER_15,sven,sven2023-11-14
cae9a5e244fd8eee7048ba1d1da21f3241253404991799e90a6a364c,2023-11-14T00:00:00Z,Een grote SP is de enige garantie dat Nederland weer sociaal wordt. Stem SP.,1698.5993208828522,1703.641765704584,SPEAKER_08,sven,sven2023-11-14
9c4d22103acffc922441d4e5ae4c6d865def768e5812175ffcc45062,2023-11-14T00:00:00Z,"Hai, Frank hier. Zonweringsspecialist van Ambiance.

 Wil je deze winter stookkosten besparen en comfortabel en warm wonen?

 Dat kan met de juiste combinatie van zonwering en raamdecoratie.

 Profiteer nu van korting op diverse producten.

 Meer weten? Ga naar ambiance.nl. Het grote genieten begint bij Ambiance.",1705.2546689303904,1724.3548387096776,SPEAKER_11,sven,sven2023-11-14
ab70ca2445a3ea8a17aead1c0c538dd9e6ba2d59b18ed95a731039e6,2023-11-14T00:00:00Z,"75% van de mkb-bedrijven is al slachtoffer geworden van cybercrime.

 Gelukkig is je bedrijf beter beschermen bij KPN. Makkelijker dan je denkt.

 Zet gewoon het schuifje Extra Veilig Internet aan in de Mijn KPN Zakelijk app.

 En de eerste stap is al gezet.

 Altijd gratis bij Zakelijk Internet. Nog geen klant?

 Profiteer nu van 6 maanden Zakelijk Internet voor 30 euro per maand.

 Kijk op kpn.com slash extraveilig.",1727.054329371817,1755.390492359932,SPEAKER_12,sven,sven2023-11-14
6870a543154b698bf1fd286b465cd70a6b3519d182534d9b2ecdfefc,2023-11-14T00:00:00Z,"Een warm huis is een koud kunstje. Kies voor isolerende raamdecoratie zoals duetten.

 Monteren doet de vakman van Hubo voor je. Hij meet, maakt en monteert.

 Voor elke raamdecoratie op maat nu 20% korting. Hubo helpt.",1756.9524617996603,1771.4176570458403,SPEAKER_16,sven,sven2023-11-14
644c3351a8570327af42a6b2f4ecfb11e67971e7d5903681f4682c3b,2023-11-14T00:00:00Z,"Foudloos rekenen in 12 weken, nu ook online. Boek nu een proefles op foudloosrekenen.nl.",1772.5551782682514,1777.9202037351442,SPEAKER_14,sven,sven2023-11-14
3c748534980af5b15b4eb5c86b9f35969a06b2f7b490cb3972c4a12a,2023-11-14T00:00:00Z,"De mysterieuze dood van de 17-jarige Cassandra liet schrijver Ninia Weijers niet los.

 Hoe vertel je het verhaal als niemand weet wat er is gebeurd?

 Cassandra, het nieuwe boek van Ninia Weijers. Nu in de boekhandel.",1779.3972835314094,1792.877758913413,SPEAKER_07,sven,sven2023-11-14
8e5e2fd33b2dc44d618adaf432830dad53e2ec32107ff9059757d312,2023-11-14T00:00:00Z,12 uur. NPO Online.,1797.9202037351442,1799.9915110356535,SPEAKER_03,sven,sven2023-11-14
